reviewVideoPlatformId,reviewUserUsername,userUsername,text
KjE2gZeWMic,Rifki,Haidar,"""Waduh, bener banget! Kadang gemes sendiri lihat tingkahnya! ğŸ˜‚ Tapi ya itu yang bikin kontennya jadi seru sih!"""
_Qn9B9mD2bI,Rifki,Haidar,"Wah, sama banget! Bener-bener *earworm* nih lagunya! MV-nya juga bikin mata seger. JKT48 emang jagonya bikin kita ketagihan! ğŸ”¥"
kvhNCk257WY,Rifki,Haidar,"""Bener banget! Energi positifnya nular abis. Langsung pengen gerak!"" ğŸ˜„
"
w3xexlaQQ3U,Rifki,Haidar,"Wah, sama! Judulnya memang *clickbait* banget, ya? ğŸ˜‚ Mudah-mudahan bukan cuma janji manis di awal doang, dan isinya beneran bermanfaat. Fingers crossed kita berdua jadi ""better"" setelah ini"
hIvYeNQYvmk,Rifki,Haidar,"Wah, sama! Dengerin sekali langsung kebayang-bayang terus. Emang ya, liriknya sederhana tapi dalem banget. Bikin pengen nyanyiin terus! ğŸ¶
"
OpACc2RRTlA,Rifki,Haidar,"Waaah, sama! Jadi inget juga pas lagi ngerjain tugas kelompok di rumah temen sambil nyanyi-nyanyi lagu ini. Bener-bener soundtrack masa SMP yaa ğŸ˜†ğŸ’™
"
SEZHwEeoWyA,Rifki,Haidar,"Wih, sama! Udah repeat seharian ini kayaknya! Bikin semangat terus! ğŸ¤˜
"
BkcLQHUaAHM,Rifki,Haidar,"Wah, iya bener banget! Merinding disko! ğŸ˜­ PPM emang selalu berhasil bikin cover yang *catchy* dan bikin nostalgia. Jadi pengen dengerin Heavy Rotation lagi nih! ğŸ¤©
"
Ak6T1ePRZKg,Rifki,Haidar,"Wah, sama! Aku juga mikirnya gitu. Semoga isinya daging semua, biar langsung bisa *applied* dan portofolio makin kece. ğŸ”¥ Langsung dicoba ah!"
nww7nBlOvKA,Dery,Haidar,"Wah, sama! Aku juga langsung semangat lagi belajar web programming setelah lihat ini. Kang Sandhika emang selalu bisa bikin materi jadi menarik! ğŸ”¥ Udah ga sabar nunggu kelanjutan materinya nih, pengen explore lebih dalam tentang UNPAS"
tV9cqfKPRKU,Dery,Haidar,"Bener banget! Fullstack itu kayak main video game, semua role bisa dicoba"
TanFwAcHBqE,Dery,Fathur,"Nah, ini dia nih yang gue cari-cari! Bener banget, yang penting tuh ngerti ""kenapa"" dan ""gimana"" kode itu kerja, bukan cuma biar jalan doang! ğŸ‘ Makin semangat nih belajarnya!
"
MCVkMmYL-aY,Dery,Fathur,"Wah, bener banget! ğŸ”¥ Jarang nemu tutorial selengkap dan se-effort ini. Biasanya cuma teori dasar, ini langsung praktik deploy! Fix auto bookmark dan recommended banget buat yang pengen terjun ke web dev tapi bingung mulai dari"
hMDJyb7VkYw,Dery,Fathur,"Wah, sama-sama! Senang sekali tutorial ini bisa membantu. Dulu saya juga struggling banget sama HTML, haha! Semangat belajarnya ya! ğŸ’ª
"
DsqMUJ7rbXg,Dery,Fathur,"Wah, setuju banget! ğŸ’ª Justru sekarang eranya para programmer yang adaptif dan mau belajar AI. Basic skill tapi dampaknya bisa *massive*! Makin semangat upgrade diri nih! ğŸ”¥
"
mD6uSGSjgr4,Dery,Fathur,"Wih, sama! Langsung auto semangat belajar nih! ğŸ”¥ Semoga beneran sesimple itu ya penjelasannya. Kalo berhasil, kabarin ya! Biar makin banyak yang keracunan Javascript! ğŸ˜‰
"
6J6OuO7UT5k,Dery,Ipung,"Wah, iya! ğŸ˜­ Makin nyesek ya pas tahu *kenapa* dia akhirnya gitu... Langsung keinget dulu bolos pelajaran demi main di kantin! ğŸ˜‚
"
RH_2pLlHN8Y,Dery,Ipung,"Wah, bener banget! Musiknya JKT48 emang kayak *power bank* buat semangat ya! Langsung auto ceria dengerinnya. ğŸ¥°
"
OEV8gMkCHXQ,Ijun,Ipung,"Wah, betul! 100 detik itu seperti *espresso shot* CSS! â˜• Semoga isinya padat & berguna buat yang baru mulai. Kalau berhasil, bisa jadi shortcut keren buat paham dasar-dasarnya. ğŸ‘ğŸ”¥
"
m6hlrk2Jwrw,Ijun,Ipung,"Wah, bener banget! *""It really boils down to your use case""* itu intinya. Jadi inget waktu dulu milih framework, terjebak hype tapi akhirnya nyesel karena gak sesuai sama kebutuhan tim. ğŸ‘€
"
dWqNgzZwVJQ,Ijun,Ipung,"Wah, betul sekali! Potensinya besar banget buat ngubah *workflow* kita. Penasaran juga gimana nanti adopsinya di industri. Semoga bukan cuma *hype* sesaat! ğŸ”¥
"
vQJJ_K1JbEA,Ijun,Ipung,"Wih, bener banget! Penjelasan simpel gini nih yang bikin gak langsung mumet. Jadi kebayang kan, API itu kayak pelayan yang nganterin makanan dari dapur ke meja kita. Oke deh, siap pantengin part selanjutnya!"
lsMQRaeKNDk,Ijun,Rifki,"Wah, bener banget! Langsung paham inti API itu apa. Kudos buat yang bikin! ğŸ”¥
"
-mN3VyJuCjM,Ijun,Rifki,"Wah, sama! Aku juga mikir gitu. Penjelasannya *on point* banget, dan jadi lebih ngerti gimana REST API jadi fondasi penting di arsitektur sistem modern. Thank you buat videonya! ğŸ‘
"
SqcY0GlETPk&t=163s,Ijun,Rifki,"Wah, bener banget! React emang butuh adaptasi, tapi tutorial ini ngejelasin konsep dasarnya dengan simpel. Jadi nggak langsung bikin *burnout* di awal. ğŸ‘ Langsung *bookmark* buat dipelajari lebih lanjut!"
kcnwI_5nKyA&t=571s,Ipung,Rifki,"Wih, sama! Langsung auto-bookmark ini mah. Semoga coding-nya lancar jaya ya! ğŸš€ Kita berjuang bersama menuju pemahaman yang hakiki! ğŸ˜‚
"
I5kj-YsmWjM&t=681s,Ipung,Rifki,"Wah, sama! Awalnya aku juga kaget 15 menit, tapi ternyata pas dicoba, langsung ketagihan! Semoga berhasil ya! ğŸ”¥
"
OXGznpKZ_sA,Ipung,Rifki,"Wah, sama! Aku juga langsung save nih. Udah lama nyari tutorial yang bener-bener dari nol. Semoga mudah dipahami ya! ğŸ™
"
G3e-cpL7ofc,Ipung,Rifki,"Wih, sama! Aku juga lagi nyari-nyari. Semoga kita bisa bikin website keren bareng ya setelah ini! Semangat berkarya! ğŸ”¥
"
nW60yGRoUrs,Fathur,Dery,"Wah, sama nih, gak sabar buat explore fitur-fitur baru Laravel 11! Udah siapin environment langsung install & test, kayanya bakal makin keren dari versi sebelumnya. Let's"
uxMADW3CmN4,Fathur,Dery,"""Wah, sama nih! Aku juga penasaran sama performa Bun/Hono dibanding Express.js. Katanya sih jauh lebih ringan dan cepat, apalagi kalau urusan serverless. Tapi masih belum"
VbnMc4WNcdY,Fathur,Dery,"""Setuju banget! Tutorialnya memang sangat jelas dan langsung to the point. Sangat membantu buat yang baru belajar. Thanks untuk pembuatnya, keren banget! ğŸ‘"""
DOq86rFop-Q,Fathur,Dery,"""Iya nih, Drizzle ORM emang menarik banget buat di-explore! Apalagi kalau dikombinasiin sama Hono sama Bun, pasti bikin API jadi lebih efisien dan kenceng."
cIZqTC3I1Ds,Fathur,Dery,"Wah, bener banget nih! Aku juga sering bingung sama aturan pajak yang kayaknya ribet banget. ğŸ¤” Menurutku, kalo sistemnya bisa lebih sederhana dan jelas, pasti lebih user"
MABmHY9YtpE,Haidar,Dery,"""Benar banget! Database â€˜mautâ€™ ini memang seram efeknya. Coretax jadi berantakan, dan pembayar pajak yang taat malah jadi korban. Semoga pihak berwenang cepat memperbaiki"
hwFvvLqYP0Q,Haidar,Dery,"Wah, bener banget nih! Penting banget buat tau biar gak salah pilih bensin, apalagi buat hemat budget. Nonton dulu ah, siapa tau ada tips yang berman"
BnXfDVja9m4,Haidar,Dery,"""Setuju banget, dipanggil DPR gini memang harus ada transparansi dan penjelasan yang jelas dari Pertamina soal masalah Pertamax. Rakyat udah banyak yang kelimpungan, kenaikan harga b"
IJrELFkSnUA,Haidar,Dery,"""Bener juga, ya. Aku juga kaget denger kabar soal kualitas Pertamax. Padahal selama ini nganggap itu salah satu bahan bakar terpercaya. Sekarang jadi bingung mau isi di mana."