"id","userId","platformId","platformVideoId","originalUrl","title","description","thumbnail","uploadedAt","createdAt","updatedAt",platformSlug,userUsername
"01JNH1QRXDPAEVXP8AV7VQH01E","01JNH1QRWSHYJRSSSC37MFGHHK","01JNH1QRKBZYR0NV0Z4BTE0B5E",KjE2gZeWMic,https://youtube.com/watch?v=KjE2gZeWMic,Himzi Ngeledek Saya!,Obrolan Dengan Seonggok Himzi,https://i3.ytimg.com/vi/KjE2gZeWMic/maxresdefault.jpg,2025-03-04 17:02:29.803,2025-03-04 17:02:29.804,2025-03-04 17:02:29.804,youtube,Dery
"01JNYRS0RMZJPVJY8JHVSEC1GD","01JNYQZHWCKQYRZZPNQGAEQX00","01JNH1QRKBZYR0NV0Z4BTE0B5E",_Qn9B9mD2bI,https://www.youtube.com/watch?v=_Qn9B9mD2bI,[MV] Bibir yang Telah Dicuri - JKT48,"111111",https://i3.ytimg.com/vi/_Qn9B9mD2bI/maxresdefault.jpg,2025-02-20 10:02:29.803,2025-03-10 00:55:15.475,2025-03-10 03:00:53.933,youtube,Dery
"01JP3260NBBCDFT0YNGW2XNJK1","01JP2Z2ARZHSZGAFE6G2H3YEGS","01JNH1QRKBZYR0NV0Z4BTE0B5E",kvhNCk257WY,https://www.youtube.com/watch?v=kvhNCk257WY,[MV] #KuSangatSuka - JKT48,"JKT48 26th Single #KuSangatSuka out now!

This song is presented to you by the Elected Members of JKT48 26th Single Member General Election (Pemilihan Member Single ke-26 JKT48):
1. Feni Fitriyanti (Center)
2. Angelina Christy
3. Jessica Chandra
4. Fiony Alveria
5. Mutiara Azzahra
6. Freya Jayawardana
7. Gita Sekar
8. Shania Gracia
9. Marsha Lenathea
10. Aurellia
11. Lulu Salsabila
12. Cornelia Vanissa

Thank you for all your support, please enjoy #KuSangatSuka !

#JKT48 #KuSangatSukaJKT48",https://i.ytimg.com/vi/kvhNCk257WY/hqdefault.jpg?sqp=-oaymwEbCKgBEF5IVfKriqkDDggBFQAAiEIYAXABwAEG&rs=AOn4CLCc0ErbXoGAbkV5qsEYsZ2VDR7kEg,2025-02-02 10:59:06.000,2025-03-11 16:56:36.267,2025-03-11 16:56:36.267,youtube,Dery
"01JP329R5A0GT9JH9EP01E7D42","01JP2Z2ARZHSZGAFE6G2H3YEGS","01JNH1QRKBZYR0NV0Z4BTE0B5E",w3xexlaQQ3U,https://www.youtube.com/watch?v=w3xexlaQQ3U,Better,"Provided to YouTube by Indonesia Musik Nusantara

Better ¬∑ JKT48

Mahagita Vol. 2

‚Ñó JKT48

Released on: 2023-10-27

Composer: Toyama Daisuke
Lyricist: Yasushi Akimoto

Auto-generated by YouTube.",https://i.ytimg.com/vi/w3xexlaQQ3U/hqdefault.jpg?sqp=-oaymwEbCKgBEF5IVfKriqkDDggBFQAAiEIYAXABwAEG&rs=AOn4CLBzC4eb926hkyYrkN_R8FP7X1y76g,2023-10-26 10:00:54.000,2025-03-11 16:58:38.634,2025-03-11 16:58:38.634,youtube,Dery
"01JP33KP40KA0K67JX0685643M","01JP2Z2ARZHSZGAFE6G2H3YEGS","01JNH1QRKBZYR0NV0Z4BTE0B5E",hIvYeNQYvmk,https://www.youtube.com/watch?v=hIvYeNQYvmk,Jiwaru Days,"Provided to YouTube by Indonesia Musik Nusantara

Jiwaru Days ¬∑ JKT48

Mahagita Vol. 2

‚Ñó JKT48

Released on: 2023-10-27

Composer: Yoshida Tsukasa
Composer: Tsukada Kohei
Lyricist: Yasushi Akimoto

Auto-generated by YouTube.",https://i.ytimg.com/vi/hIvYeNQYvmk/hqdefault.jpg?sqp=-oaymwEbCKgBEF5IVfKriqkDDggBFQAAiEIYAXABwAEG&rs=AOn4CLBXB-qaGtt6gipa0EWAAQ4wiCNC2Q,2023-10-26 10:00:43.000,2025-03-11 17:21:32.801,2025-03-11 17:21:32.801,youtube,Dery
"01JP34SF3P00FXNYCKZJA3JE11","01JP2Z2ARZHSZGAFE6G2H3YEGS","01JNH1QRKBZYR0NV0Z4BTE0B5E",OpACc2RRTlA,https://www.youtube.com/watch?v=OpACc2RRTlA,Langit Biru Cinta Searah (New Era Version),"Provided to YouTube by Indonesia Musik Nusantara

Langit Biru Cinta Searah (New Era Version) ¬∑ JKT48

Langit Biru Cinta Searah - Special Release

‚Ñó JKT48

Released on: 2024-03-27

Arranger: Aokuri
Arranger: Nonaka ""Masa"" Yuichi
Composer: Takamitsu Shimazaki
Lyricist: Yasushi Akimoto

Auto-generated by YouTube.",https://i.ytimg.com/vi/OpACc2RRTlA/hqdefault.jpg?sqp=-oaymwEbCKgBEF5IVfKriqkDDggBFQAAiEIYAXABwAEG&rs=AOn4CLDNKwH7fhVa6DFFqxM-FyyuE-7QlQ,2024-03-26 10:00:20.000,2025-03-11 17:42:10.807,2025-03-11 17:42:10.807,youtube,Dery
"01JP356X0VPA5HJG146PXAXQVZ","01JP2Z2ARZHSZGAFE6G2H3YEGS","01JNH1QRKBZYR0NV0Z4BTE0B5E",SEZHwEeoWyA,https://www.youtube.com/watch?v=SEZHwEeoWyA,#KuSangatSuka,"Provided to YouTube by Indonesia Musik Nusantara

#KuSangatSuka ¬∑ JKT48

#KuSangatSuka

‚Ñó JKT48

Released on: 2025-02-03

Arranger: Aokuri
Producer: Indonesia Musik Nusantara
Composer: Ito Shintaro
Lyricist: Yasushi Akimoto

Auto-generated by YouTube.",https://i.ytimg.com/vi/SEZHwEeoWyA/hqdefault.jpg?sqp=-oaymwEbCKgBEF5IVfKriqkDDggBFQAAiEIYAXABwAEG&rs=AOn4CLBKzs7AfXc-20oJHl-fSiKiuvcWWA,2025-02-02 10:00:25.000,2025-03-11 17:49:31.036,2025-03-11 17:49:31.036,youtube,Ipung
"01JP36F48TR4K9P34C542VF3K9","01JP2Z2ARZHSZGAFE6G2H3YEGS","01JNH1QRKBZYR0NV0Z4BTE0B5E",BkcLQHUaAHM,https://www.youtube.com/watch?v=BkcLQHUaAHM,JKT48 - YUUHI WO MITEIRUKA (COVER BY PPM),"don't forget to like comment and subscribe , many thanks!


Follow our social media so you can update our latest cover song.

Instagram : ppm.music
Twitter : ppm_music

Thank you so much ‚òÄÔ∏è",https://i.ytimg.com/vi/BkcLQHUaAHM/hqdefault.jpg?sqp=-oaymwEbCKgBEF5IVfKriqkDDggBFQAAiEIYAXABwAEG&rs=AOn4CLA49CaNfE3Ua_aWIRXOgXEk77YcUw,2019-08-09 09:00:05.000,2025-03-11 18:11:29.179,2025-03-11 18:11:29.179,youtube,Ipung
"01JP6GRFF9RKP59JQXR9E3K00J","01JP2Z2ARZHSZGAFE6G2H3YEGS","01JNH1QRKBZYR0NV0Z4BTE0B5E",Ak6T1ePRZKg,https://www.youtube.com/watch?v=Ak6T1ePRZKg,Intensif & Praktis : Raih Peluang Kerja jadi Fullstack Developerü§©üßëüèª‚Äçüíª,"Tingkatkan Karir Digital kalian dengan Dicodingüî•

Dicoding Bootcamp adalah program intensif berstandar industri yang dirancang untuk mempersiapkan kalian menjadi talenta digital kompeten melalui pembelajaran mendalam, proyek akhir menantang, dan akses ke jaringan luas serta peluang karier di perusahaan teknologi terkemukaü§©

Yuk langsung daftar di link berikut ini :
üîódicoding.id/bootcamp
‚ú®Kode Referral : SANDIKADB6

---
Chapter:

0:00 Intro & Pendahuluan
2:10 Apa itu Dicoding Bootcamp?
3:42 Paket Pelatihan
5:42 Alasan Harus Join Dicoding Bootcamp
7:14 Testimoni
7:20 Portfolio
7:50 Syarat Mengikuti Dicoding Bootcamp
9:30 Tutorial Registrasi
11:40 FAQ
13:03 Closing & Kode Referral

---
üî• SUPPORT WPU üî•

üëï Beli Hoodie & T-Shirt di WPU Official Store üëï
https://shopee.co.id/wpustore.id

üëæ Gabung Server Discord WPU üëæ
https://discord.gg/S4rrXQU

- Traktir Pa Dhika (OVO / GoPay / Dana / LinkAja)
https://saweria.co/sandhikagalih

---
üì¢ FOLLOW SOCIAL MEDIA üì¢
- https://www.instagram.com/sandhikagalih
- tiktok.com/@sandhika.galih
- https://twitter.com/sandhikagalih
- https://github.com/sandhikagalih

terimakasih dan #janganlupatitikkoma!

@sandhikagalih",https://i.ytimg.com/vi/Ak6T1ePRZKg/hqdefault.jpg?sqp=-oaymwEbCKgBEF5IVfKriqkDDggBFQAAiEIYAXABwAEG&rs=AOn4CLBH5Plmd9w-CKhm9ZcLWU_eOMDSlw,2025-03-06 11:30:08.000,2025-03-13 01:09:04.616,2025-03-13 01:09:04.616,youtube,Ipung
"01JP6GTH16A7HZ4YNTRM13GF99","01JP2Z2ARZHSZGAFE6G2H3YEGS","01JNH1QRKBZYR0NV0Z4BTE0B5E",nww7nBlOvKA,https://www.youtube.com/watch?v=nww7nBlOvKA,Podcast Sisi Lain WEB PROGRAMMING UNPAS - Sandhika Galih,"Hi, Podcast Programmer yang selalu ditunggu-tunggu kali ini bersama kang Sandhika Galih dari channel youtube Web Programming Unpas.

Kita bakal ngobrolin hal-hal menarik selain dari sisi teknis ngoding sebagai sesama programmer dan youtuber (creator).

jangan lupa set LONCENGNYA. 20.45 WIB LIVE di Dea Afrizal Channel üî•

SAWER TAKEWERKEWER: https://saweria.co/deaafrizal

channel youtube kang sandhika galih web programming unpas https://www.youtube.com/c/WebProgrammingUNPAS

Join this channel to get access to perks:
https://www.youtube.com/channel/UCU7YluxOYon-yofPxfGHVog/join

#wpu #podcast #webprogrammingunpas
‚òï Discord ‚òï 
https://discord.com/servers/cuy-universe-887712251887382578

üöÄTiktok @dea.afrizal / https://www.tiktok.com/@dea.afrizal üöÄ

=================
üíå Email (for business) üíå
dea.afrizal@icloud.com
==================

üëáYoutube gue yang lainnya üëá

‚ú®Braptech Racing Motor (hobi gue merawat motor tua) ‚ú®
https://www.youtube.com/c/braptechracing

üèç Teman1Roda (hobi gue broadcasting untuk hiburan channel motor) üèç
https://www.youtube.com/channel/UCke_Wk20Op1GSbBJ4quh3ew

üë©‚Äçüíª Dea Afrizal Channel (real life) üë©‚Äçüíª
https://www.youtube.com/c/deaafrizal

üîªüîªüîª   SUBSCRIBE   üîªüîªüîª 
               For More Update
üî∫üî∫üî∫LONCENGNYA üî∫üî∫üî∫",https://i.ytimg.com/vi/nww7nBlOvKA/hqdefault.jpg?sqp=-oaymwEbCKgBEF5IVfKriqkDDggBFQAAiEIYAXABwAEG&rs=AOn4CLBooNGsTWara-hP1TSfHN33XIArxQ,2022-04-15 15:25:52.000,2025-03-13 01:10:11.751,2025-03-13 01:10:11.751,youtube,Ipung
"01JP6GVS6NK80J9CZFTY4S95XM","01JP2Z2ARZHSZGAFE6G2H3YEGS","01JNH1QRKBZYR0NV0Z4BTE0B5E",tV9cqfKPRKU,https://www.youtube.com/watch?v=tV9cqfKPRKU,FULL Fullstack! Semua Pertanyaan Tentang Programming Pasti DIJAWAB! ü§©ü¶æ | WPUCAST #3 (Haidar Hanif),"Ikuti perjalanan Haidar yang bikin para programmer pemula naik level!

--
M. Haidar Hanif
https://mhaidarhanif.com
http://linkedin.com/in/mhaidarhanif
https://bearmentor.com

--- CHAPTERS ---
00:00 Intro & Perkenalan
5:59 Awal Mula Kenal Teknologi
15:40 Perkuliahan
29:00 Kenapa Suka Ngajarin Pemula?
39:42 Library & Framework
43:15 Tips Belajar React
46:57 Komunitas BandungDev
50:48 Event Terdekat
52:22 Mentorship
57:53 Closing

---
üî• SUPPORT WPU üî•

üëï Beli Hoodie & T-Shirt di WPU Official Store üëï
https://shopee.co.id/wpustore.id

üëæ Gabung Server Discord WPU üëæ
https://discord.gg/S4rrXQU

- Traktir Pa Dhika Kopi (OVO / GoPay / Dana / LinkAja)
https://saweria.co/sandhikagalih
https://karyakarsa.com/sandhikagalih

---
üì¢ FOLLOW SOCIAL MEDIA üì¢
- https://www.instagram.com/sandhikagalih
- tiktok.com/@sandhika.galih
- https://twitter.com/sandhikagalih
- https://github.com/sandhikagalih

---
UNIVERSITAS PASUNDAN BANDUNG
http://www.unpas.ac.id/
http://www.if.unpas.ac.id/

terimakasih dan #janganlupatitikkoma!

@sandhikagalih",https://i.ytimg.com/vi/tV9cqfKPRKU/hqdefault.jpg?sqp=-oaymwEbCKgBEF5IVfKriqkDDggBFQAAiEIYAXABwAEG&rs=AOn4CLBBNzBe07gwvWPZxio00fDLEoSruw,2024-02-09 11:54:37.000,2025-03-13 01:10:52.885,2025-03-13 01:10:52.885,youtube,Ipung
"01JP6GWKKBRWP15N1KM43VYVB7","01JP2Z2ARZHSZGAFE6G2H3YEGS","01JNH1QRKBZYR0NV0Z4BTE0B5E",TanFwAcHBqE,https://www.youtube.com/watch?v=TanFwAcHBqE,"10 Tips Melatih LOGIKA PEMROGRAMAN agar Ngoding makin Sat-Setüßë‚Äçüíªü§©","Emang bener ya logika pemrograman itu penting? gimana sih caranya ngasah atau ngelatihnya?

---
Gabung di : https://kelasfullstack.id
Dapatkan diskon 25% hanya sampai tanggal Januari 2024: SEMANGAT2024
Dapatkan diskon 15% kapanpun dengan kode kupon: MEMBERWPU

---
üî• SUPPORT WPU üî•

üëï Beli Hoodie & T-Shirt di WPU Official Store üëï
https://shopee.co.id/wpustore.id

üëæ Gabung Server Discord WPU üëæ
https://discord.gg/S4rrXQU

- Traktir Pa Dhika Kopi (OVO / GoPay / Dana / LinkAja)
https://saweria.co/sandhikagalih
https://karyakarsa.com/sandhikagalih

---
üì¢ FOLLOW SOCIAL MEDIA üì¢
- https://www.instagram.com/sandhikagalih
- tiktok.com/@sandhika.galih
- https://twitter.com/sandhikagalih
- https://github.com/sandhikagalih

---
UNIVERSITAS PASUNDAN BANDUNG
http://www.unpas.ac.id/
http://www.if.unpas.ac.id/

terimakasih dan #janganlupatitikkoma!

@sandhikagalih",https://i.ytimg.com/vi/TanFwAcHBqE/hqdefault.jpg?sqp=-oaymwEbCKgBEF5IVfKriqkDDggBFQAAiEIYAXABwAEG&rs=AOn4CLDCjWVW6maA3vglIXuccbuT0k6dKg,2024-01-26 12:44:49.000,2025-03-13 01:11:19.915,2025-03-13 01:11:19.915,youtube,Ipung
"01JP6GXGXFXM4A9DJYQKVWXJKT","01JP2Z2ARZHSZGAFE6G2H3YEGS","01JNH1QRKBZYR0NV0Z4BTE0B5E",MCVkMmYL-aY,https://www.youtube.com/watch?v=MCVkMmYL-aY,Membuat WEBSITE Kedai Kopi RESPONSIVE dengan HTML & CSS dari 0 + Autodeploy ke WEB HOSTING,"Siap2 gaes, kita bakalan bikin website dari 0 sampai jadi dan bisa diakses semua orang, hanya menggunakan HTML, CSS dan sedikit JS saja tanpa library dan framework apapun. Tapi sebelumnya, mari ngopi dulu ~

---
üî• Promo Unlimited Hosting Niagahoster (saat ini Hostinger) : diskon up to 50% + gratis domain + SSL üî•
üëçüèº Gunakan kode kupon WPUNPAS untuk tambahan diskon up to 60%
üëâüèº Klik https://www.hostg.xyz/SHEk7
---
Aset Gambar:
https://unsplash.com/photos/tNALoIZhqVM
https://unsplash.com/photos/ZLqxSzvVr7I
https://unsplash.com/photos/dAYJfrtVjh0

Link Penting:
https://feathericons.com/
https://github.com/SamKirkland/FTP-Deploy-Action

Playlist Lengkap Website Kedai Kopi Kenangan Senja:
https://www.youtube.com/playlist?list=PLFIM0718LjIWaNi4oDdN49FTlznrWU9w2

---
Chapters:
00:00 Intro
00:14 Hasil Akhir Website
05:39 Persiapan
15:25 Navbar
33:18 Menyiapkan Media Queries
35:42 Menu Sidebar
49:29 Hero Section
1:07:58 About Section
1:20:41 Menu Section
1:33:59 Contact Section
1:47:45 Footer
1:57:45 Github Pages
2:04:20 Web Hosting
2:11:43 Autodeploy (Github Actions)
2:23:24 Closing

---
üî• SUPPORT WPU üî•

üëï Beli Hoodie & T-Shirt di WPU Official Store üëï
https://shopee.co.id/wpustore.id

üëæ Gabung Server Discord WPU üëæ
https://discord.gg/S4rrXQU

- Donasi Channel WPU (OVO / GoPay / Dana / LinkAja)
https://saweria.co/sandhikagalih
https://karyakarsa.com/sandhikagalih

---
üì¢ FOLLOW SOCIAL MEDIA üì¢
- https://www.instagram.com/sandhikagalih
- tiktok.com/@sandhika.galih
- https://twitter.com/sandhikagalih
- https://github.com/sandhikagalih

terimakasih dan #janganlupatitikkoma!

@sandhikagalih",https://i.ytimg.com/vi/MCVkMmYL-aY/hqdefault.jpg?sqp=-oaymwEbCKgBEF5IVfKriqkDDggBFQAAiEIYAXABwAEG&rs=AOn4CLBU6-FdnlyRG-3EsgQqTTsTEq5C2A,2023-01-16 12:00:07.000,2025-03-13 01:11:49.936,2025-03-13 01:11:49.936,youtube,Rifki
"01JP6H7SF34S4Q10NFEZ1X9NNZ","01JP2Z2ARZHSZGAFE6G2H3YEGS","01JNH1QRKBZYR0NV0Z4BTE0B5E",hMDJyb7VkYw,https://www.youtube.com/watch?v=hMDJyb7VkYw,Tutorial HTML Dasar (Bahasa Indonesia),"Hi guys, di video kali ini, kita akan bahas tentang materi HTML Dasar. Ini adalah materi awal untuk teman-teman yang mau belajar menjadi Web Developer

Slide : https://docs.google.com/presentation/d/1j3-mkgXmazIrQdJFhSQp5XK1NqeTIsA03UfST77Tinw/edit?usp=sharing

Source Code : https://github.com/ProgrammerZamanNow/belajar-html-dasar

Materi Video :
00:00:00 - Pendahuluan
00:02:48 - Pengenalan Web
00:11:39 - Pengenalan HTML
00:21:12 - Pengenalan Web Hosting
00:24:40 - Persiapan
00:26:33 - Membuat Project
00:27:58 - Hello World
00:35:17 - Menjalankan Web di Komputer
00:40:00 - Menjalankan Web di Web Hosting
00:49:33 - Penamaan File HTML
00:51:39 - Heading
00:55:17 - Paragraph
01:00:10 - Entities
01:05:47 - Break Line
01:09:27 - Style
01:15:35 - Formatting
01:19:29 - Comment
01:22:25 - Color
01:26:48 - List
01:33:18 - Link
01:55:57 - Image
02:03:54 - Picture
02:11:23 - Computer Code
02:14:29 - Emoji
02:16:48 - Head
02:21:47 - Favicon
02:24:47 - Block dan Inline
02:35:24 - Video
02:39:57 - Audio
02:42:02 - HTML 5
02:46:39 - Inline Frame
02:51:31 - Table
03:04:37 - Semantic
03:12:16 - Layout
03:18:46 - Responsive
03:31:39 - ID
03:37:09 - Tag Lainnya
03:39:07 - Materi Selanjutnya

JOIN PREMIUM : https://www.youtube.com/ProgrammerZamanNow/join

DISCORD PREMIUM : https://www.youtube.com/post/UgxBHnvjdwwAioDHe0x4AaABCQ

Donasi :
Saweria : https://saweria.co/ProgrammerZamanNow

Social Media :
Instagram : https://www.instagram.com/ProgrammerZamanNow
Facebook : https://www.facebook.com/ProgrammerZamanNow
Telegram : https://t.me/ProgrammerZamanNow
Youtube : https://www.youtube.com/c/ProgrammerZamanNow",https://i.ytimg.com/vi/hMDJyb7VkYw/hqdefault.jpg?sqp=-oaymwEbCKgBEF5IVfKriqkDDggBFQAAiEIYAXABwAEG&rs=AOn4CLAKKAy990SvUOHGQOfk3mtTUdb_8A,2023-02-14 05:00:19.000,2025-03-13 01:17:26.372,2025-03-13 01:17:26.372,youtube,Rifki
"01JP6H9D947VPE683KVW6YCD49","01JP2Z2ARZHSZGAFE6G2H3YEGS","01JNH1QRKBZYR0NV0Z4BTE0B5E",DsqMUJ7rbXg,https://www.youtube.com/watch?v=DsqMUJ7rbXg,Masih Layak kah Belajar Programming di Tahun 2024? üíª,"Buat kalian yang masih ragu untuk belajar programming.

---
Gabung di üëâüèº https://kelasfullstack.id
Dapatkan diskon 75% hanya sampai tanggal 31 Mei 2024
kode kupon: DISKONMEIWPU
Dapatkan diskon 65% kapanpun dengan kode kupon: MEMBERWPU
Follow üëâüèº https://instagram.com/kelasfullstack.id
---

üî• SUPPORT WPU üî•

üëï Beli Hoodie & T-Shirt di WPU Official Store üëï
https://shopee.co.id/wpustore.id

üëæ Gabung Server Discord WPU üëæ
https://discord.gg/S4rrXQU

- Traktir Pa Dhika Kopi (OVO / GoPay / Dana / LinkAja)
https://saweria.co/sandhikagalih
https://karyakarsa.com/sandhikagalih

---
üì¢ FOLLOW SOCIAL MEDIA üì¢
- https://www.instagram.com/sandhikagalih
- tiktok.com/@sandhika.galih
- https://twitter.com/sandhikagalih
- https://github.com/sandhikagalih

---
UNIVERSITAS PASUNDAN BANDUNG
http://www.unpas.ac.id/
http://www.if.unpas.ac.id/

terimakasih dan #janganlupatitikkoma!

@sandhikagalih",https://i.ytimg.com/vi/DsqMUJ7rbXg/hqdefault.jpg?sqp=-oaymwEbCKgBEF5IVfKriqkDDggBFQAAiEIYAXABwAEG&rs=AOn4CLDS0FWTl0M3CdVLxQFpqCVQAjoqcQ,2024-05-29 09:42:26.000,2025-03-13 01:18:19.428,2025-03-13 01:18:19.428,youtube,Rifki
"01JP6P3SBCZCEDQZJWS7JQ463J","01JP2Z2ARZHSZGAFE6G2H3YEGS","01JNH1QRKBZYR0NV0Z4BTE0B5E",mD6uSGSjgr4,https://www.youtube.com/watch?v=mD6uSGSjgr4,Belajar Dasar Pemrograman Javascript 1 Jam,"full playlist disini: https://www.youtube.com/playlist?list=PLc6SEcJkQ6DwiGCnVdCbWLqo6ceICD_4b

Belajar javascript dasar bahasa pemrograman untuk pemula di tahun 2023 dari 0. Mengenal fundamental program menggunakan JS (javascript) untuk siapa saja yang ingin mencoba menjadi seorang web developer atau programmer di Indonesia.Tutorial cukup lengkap dan semoga cukup mudah dipahami oleh kalian semua.

tentang array lebih panjang disini:
https://youtu.be/LzfFoGuk_M0

timestamps:
00:00:00 pemahaman awal javascript
00:03:25 apa yang dibutuhkan
00:04:25 setup awal
00:07:20 internal & external js
00:11:40 alert, prompt, log
00:16:00 variable assignment
00:22:20 tipe data
00:28:40 conditional statement
00:35:40 operator
00:40:50 array
00:46:17 for loop
00:49:44 for loop of array
00:53:30 do-while vs while loop
00:57:07 tugas kecil


Transfer DONASI: https://saweria.co/deaafrizal
Join this channel to get access to perks:
https://www.youtube.com/channel/UCU7YluxOYon-yofPxfGHVog/join

#programming #tutorial #coding

Telegram Open Grup: https://t.me/cuyuniverse
Istagram: https://www.instagram.com/dea.afrizal/

=================
üíå Email (for business) üíå
dea.afrizal@icloud.com
==================

üîªüîªüîª   SUBSCRIBE   üîªüîªüîª 
               For More Update
üî∫üî∫üî∫LONCENGNYA üî∫üî∫üî∫",https://i.ytimg.com/vi/mD6uSGSjgr4/maxresdefault.jpg,2023-02-08 00:00:00.000,2025-03-13 02:42:38.061,2025-03-13 02:42:38.061,youtube,Rifki
"01JP6HG39EQFSE6DWNDKYCHK4A","01JP2Z2ARZHSZGAFE6G2H3YEGS","01JNH1QRKBZYR0NV0Z4BTE0B5E","6J6OuO7UT5k",https://www.youtube.com/watch?v=6J6OuO7UT5k,"[MV] Everyday, Kachuusha - JKT48 (Story Version)","Everyday, Kachuusha merupakan salah satu dari double single JKT48 RE:BOOST. Lagu ini bercerita tentang manis-pahitnya jatuh cinta kepada seorang gadis yang menggunakan bando (kachuusha).

Inilah video Everyday, Kachuusha - Story Version dari JKT48.

Berikut adalah daftar member senbatsu untuk video ini (urutan alfabetis):
1. Adhisty Zara 
2. Aninditha Rahma Cahyadi
3. Ayana Shahab
4. Cindy Hapsari Maharani Pujiantoro Putri
5. Cindy Yuvia
6. Eve Antoinette Ichwan
7. Feni Fitriyanti
8. Made Devi Ranita Ningtara
9. Michelle Christo Kusnadi
10. Nurhayati
11. Puti Nadhira Azalia
12. Shania Gracia
13. Shania Junianatha
14. Shani Indira Natio
15. Thalia Ivanka Elizabeth
16. Viviyona Apriani

***

You can keep or share this video, but please DO NOT re-upload it into any streaming site and file hosting. It's the only proper way you can appreciate JKT48 and the owner of the copyrighted content.

Keep on cheering for JKT48 and thank you for all of your support.

(Anda dapat menyimpan dan menyebarkan video ini, namun tolong JANGAN mengunggah ulang ke situs streaming video dan hosting file mana pun. Ini satu-satunya cara yang benar bagi anda untuk menghargai JKT48 dan pemilik konten berhak cipta.

Tetap dukung JKT48 dan terima kasih atas segala dukungan anda.)

Follow our twitter: @officialJKT48
instagram: @JKT48

or visit our Facebook Fan page:
http://www.facebook.com/official.JKT48

also visit our official website:
http://www.jkt48.com",https://i.ytimg.com/vi/6J6OuO7UT5k/hqdefault.jpg?sqp=-oaymwEbCKgBEF5IVfKriqkDDggBFQAAiEIYAXABwAEG&rs=AOn4CLB1xdURIE8_e1OJd5qqmGxJtmJAvA,2018-07-07 07:07:36.000,2025-03-13 01:21:58.574,2025-03-13 01:21:58.574,youtube,Rifki
"01JP6NVN67KDX8BP1EQ5SYWJZM","01JP2Z2ARZHSZGAFE6G2H3YEGS","01JNH1QRKBZYR0NV0Z4BTE0B5E",RH_2pLlHN8Y,https://www.youtube.com/watch?v=RH_2pLlHN8Y,[MV] Indahnya Senyum Manismu dst. - JKT48,"JKT48 kali ini merilis single ke-17 berjudul ‚ÄúKesimpulan yang sedikit membuatku malu setelah beberapa hari berpikir akan berubah seperti apakah hubungan kita jika di jalan yang penuh pohon rindang kukatakan indahnya senyum manismu dalam mimpiku‚Äù, yang merupakan judul lagu terpanjang dalam sejarah JKT48. 

Karena memikirkan berbagai aspek termasuk waktu yang diperlukan untuk menyebutkan judul lagu dan tidak muatnya judul ini bila ditweet melalui akun Twitter official, maka judulnya disingkat menjadi ‚ÄúIndahnya Senyum Manismu dst.‚Äù

Single ini merupakan bagian dari Pemilihan Member Single Ke-17 yang telah diadakan oleh JKT48. Dalam Pemilihan Member Single Ke-17, para fans menentukan langsung siapa saja member yang tampil di single ini dengan cara voting. 


Inilah 16 member Senbatsu yang membawakan Single Ke-17 JKT48, ‚ÄúIndahnya Senyum Manismu dst.‚Äù:
(berdasarkan urutan suara terbanyak saat Pemilihan Member)

1. Shani Indira Natio - Team KIII 
2. Ayana Shahab - Team KIII 
3. Melody Nurramdhani Team J & T 
4. Shania Gracia - Team KIII 
5. Cindy Yuvia - Team KIII
6. Rina Chikano - Team KIII 
7. Made Devi Ranita - Team T 
8. Shania Junianatha - Team J 
9. Saktia Oktapyani - Team J 
10. Aninditha Rahma - Team KIII 
11. Rona Anggreani - Team KIII 
12. Frieska Anastasia - Team KIII 
13. Michelle Christo - Team J 
14. Beby Chaesara - Team KIII 
15. Devi Kinal Putri - Team J 
16. Nabilah Ratna Ayu - Team J",https://i.ytimg.com/vi_webp/RH_2pLlHN8Y/maxresdefault.webp,2017-08-14 00:00:00.000,2025-03-13 02:38:11.655,2025-03-13 02:38:11.655,youtube,Rifki
"01JP6NWGFXABSBZJM7V60B2T53","01JP2Z2ARZHSZGAFE6G2H3YEGS","01JNH1QRKBZYR0NV0Z4BTE0B5E",OEV8gMkCHXQ,https://www.youtube.com/watch?v=OEV8gMkCHXQ,CSS in 100 Seconds,"Cascading Style Sheets or CSS is the language that makes HTML websites look pretty. Learn how concepts like cascade, specificity, inheritance, and the box model influence the appearance of a webpage https://fireship.io/tags/css/

#css #webdev #100SecondsOfCode

The sequel to HTML in 100 Seconds https://youtu.be/ok-plXXHlWw

üîó Resources

CSS Docs https://developer.mozilla.org/en-US/docs/Web/CSS
Flexbox in 100 Seconds https://youtu.be/K74l26pE4YA
Grid Layout in 100 Seconds https://youtu.be/uuOXPWCh-6o
CSS Animation https://codepen.io/ainalem/pen/oNxXRgW

üî• Get More Content - Upgrade to PRO

Upgrade to Fireship PRO at https://fireship.io/pro
Use code lORhwXd2 for 25% off your first payment. 

üé® My Editor Settings

- Atom One Dark 
- vscode-icons
- Fira Code Font

üîñ Topics Covered

- What is CSS? 
- How does CSS cascade?
- What is specificity in CSS?
- CSS Box Model explained
- CSS for absolute beginners
- What is CSS used for?
- When was CSS3 created?
- Will there be a CSS4?",https://i.ytimg.com/vi_webp/OEV8gMkCHXQ/maxresdefault.webp,2021-12-14 00:00:00.000,2025-03-13 02:38:39.614,2025-03-13 02:38:39.614,youtube,Rifki
"01JP6NWXKXSJZ8YSZYTDTRRZKF","01JP2Z2ARZHSZGAFE6G2H3YEGS","01JNH1QRKBZYR0NV0Z4BTE0B5E",m6hlrk2Jwrw,https://www.youtube.com/watch?v=m6hlrk2Jwrw,Deno 2 vs Bun: Which Should You Choose?,"Node.js dominated server-side JavaScript for 9 years, but now Bun and Deno are changing the game. Both promise better performance and developer experience, but which one should you choose? In this comprehensive comparison, we'll explore what makes each runtime special, their common features, and help you decide which is right for your next project. From built-in TypeScript support to WebSocket performance, we cover everything you need to know about these modern JavaScript runtimes.

Bun: https://bun.sh/
Deno: https://deno.com/
Bun C Blog Post:https://bun.sh/blog/compile-and-run-c-in-js

‚ñ∫ HACKING SCALE NEWSLETTER
https://newsletter.betterstack.com/

‚ñ∫ READ MORE
More about Better Stack: https://betterstack.com/
Community pages: https://betterstack.com/community/

‚ñ∫ STAY TUNED
GitHub: https://github.com/BetterStackHQ
Twitter: https://twitter.com/betterstackhq
LinkedIn: https://www.linkedin.com/company/betterstack
Instagram: https://www.instagram.com/betterstackhq/
TikTok: https://www.tiktok.com/@betterstack

üìå ùóñùóµùóÆùóΩùòÅùó≤ùóøùòÄ:",https://i.ytimg.com/vi/m6hlrk2Jwrw/maxresdefault.jpg,2024-12-14 00:00:00.000,2025-03-13 02:38:53.054,2025-03-13 02:38:53.054,youtube,Ijun
"01JP6NXVT8S5V7SNRBG3KYEPT3","01JP2Z2ARZHSZGAFE6G2H3YEGS","01JNH1QRKBZYR0NV0Z4BTE0B5E",dWqNgzZwVJQ,https://www.youtube.com/watch?v=dWqNgzZwVJQ,Bun is disrupting JavaScript land,"Let's take a first look at Bun 1.0 - the worlds fastest JavaScript runtime. Find out how Bun compares to Node.js and Deno. 

#webdevelopment #javascript #thecodereport 

üî• Level up AI code generation with DevGPT

Try it for free: https://devgpt.com/?utm_source=fireship

üí¨ Chat with Me on Discord

https://discord.gg/fireship

üîó Resources

Bun 1.0 details https://bun.sh/blog/bun-v1.0
Bun.js Launch Video https://youtu.be/BsnCpESUEqM
Deno NPM modules https://youtu.be/cv7ci6GT5Hg

üé® My Editor Settings

- Atom One Dark 
- vscode-icons
- Fira Code Font

üîñ Topics Covered

- Bun.js vs Node.js
- Bun vs Deno
- How is Bun so fast?
- Are JavaScript apps fast?
- Best JS frameworks
- How to optimize JavaScript performance",https://i.ytimg.com/vi_webp/dWqNgzZwVJQ/maxresdefault.webp,2023-09-08 00:00:00.000,2025-03-13 02:39:23.976,2025-03-13 02:39:23.976,youtube,Ijun
"01JP6NYEA9JXR6AH9H2C3KBVAH","01JP2Z2ARZHSZGAFE6G2H3YEGS","01JNH1QRKBZYR0NV0Z4BTE0B5E",vQJJ_K1JbEA,https://www.youtube.com/watch?v=vQJJ_K1JbEA,REST API #1 APA ITU API ?,"Ini adalah awal dari sebuah Seri / Playlist baru mengenai REST API dan di video ini kita akan bahas dulu mengenai apa itu API.

---
üî• Promo Unlimited Hosting Niagahoster (saat ini Hostinger) : diskon up to 50% + gratis domain + SSL üî•
üëçüèº Gunakan kode kupon WPUNPAS untuk tambahan diskon up to 60%
üëâüèº Klik https://www.hostg.xyz/SHEk7

--
Definisi :
1. API
https://en.wikipedia.org/wiki/Application_programming_interface
2. Interface
https://en.wikipedia.org/wiki/Interface_(computing)

--
Apa yang harus dipelajari sebelum ini :
- Javascript Dasar
https://www.youtube.com/playlist?list=PLFIM0718LjIWXagluzROrA-iBY9eeUt4w

- Javascript & DOM
https://www.youtube.com/playlist?list=PLFIM0718LjIWB3YRoQbQh82ZewAGtE2-3

- PHP DASAR
https://www.youtube.com/playlist?list=PLFIM0718LjIUqXfmEIBE3-uzERZPh3vp6

- OOPHP
https://www.youtube.com/playlist?list=PLFIM0718LjIWvxxll-6wLXrC_16h_Bl_p

- PHP MVC
https://www.youtube.com/playlist?list=PLFIM0718LjIVEh_d-h5wAjsdv2W4SAtkx

- CodeIgniter
https://www.youtube.com/watch?v=dMRCZGGAx74&list=PLFIM0718LjIVpXbAwu_Cg9PdJO1GvyvCn&index=10

https://www.youtube.com/watch?v=g5JT3EW38KM&list=PLFIM0718LjIVpXbAwu_Cg9PdJO1GvyvCn&index=11

https://www.youtube.com/watch?v=r-r6IhsE5vg&list=PLFIM0718LjIVpXbAwu_Cg9PdJO1GvyvCn&index=12

-- 

PLAYLIST LAIN:

- HTML Dasar
https://www.youtube.com/playlist?list=PLFIM0718LjIVuONHysfOK0ZtiqUWvrx4F

- CSS Dasar
https://www.youtube.com/playlist?list=PLFIM0718LjIUBrbm6Gdh6k7ZUvPIAZm7p

- Tutorial Sublime Text
https://www.youtube.com/playlist?list=PLFIM0718LjIWE-Ot9V9qcALx5OMAZY67c

- CSS Layouting
https://www.youtube.com/playlist?list=PLFIM0718LjIUu4Ju9GUL5zpLcuq08TKYr

---
üî• SUPPORT WPU üî•

üëï Beli Hoodie & T-Shirt di WPU Official Store üëï
https://shopee.co.id/wpustore.id

üëæ Gabung Server Discord WPU üëæ
https://discord.gg/S4rrXQU

- Traktir Pa Dhika Kopi (OVO / GoPay / Dana / LinkAja)
https://saweria.co/sandhikagalih
https://karyakarsa.com/sandhikagalih

---
üì¢ FOLLOW SOCIAL MEDIA üì¢
- https://www.instagram.com/sandhikagalih
- tiktok.com/@sandhika.galih
- https://twitter.com/sandhikagalih
- https://github.com/sandhikagalih

terimakasih dan #janganlupatitikkoma!

@sandhikagalih",https://i.ytimg.com/vi_webp/vQJJ_K1JbEA/maxresdefault.webp,2019-01-10 00:00:00.000,2025-03-13 02:39:42.922,2025-03-13 02:39:42.922,youtube,Ijun
"01JP6NYWCQYM52CBQ8MBFY3Q5N","01JP2Z2ARZHSZGAFE6G2H3YEGS","01JNH1QRKBZYR0NV0Z4BTE0B5E",lsMQRaeKNDk,https://www.youtube.com/watch?v=lsMQRaeKNDk,What is a REST API?,"Learn more about about APIs ‚Üí http://ibm.biz/guide-to-apis
Learn more about REST APIs ‚Üí http://ibm.biz/rest-apis-guide
Watch GraphQL vs REST: Which is Better for APIs? ‚Üí https://ibm.biz/BdMpXN
Check out IBM API Connect ‚Üí https://www.ibm.com/products/api-connect 

What is a REST API? What are the benefits and how¬†are they fundamental to your cloud application?¬†

In this lightboard video, Nathan Hekman with IBM Cloud, answers these questions and much more as he visually shows the benefits a company can gain with using REST API.

Read SmartPaper to learn how to unlock the full potential of your APIs ‚Üí https://ibm.biz/BdMpX6
Sign up for a live demo of API Connect, IBM's API management solution ‚Üí https://ibm.biz/BdMpXU
Try IBM API Connect free for 30 days ‚Üí https://ibm.biz/BdMpX5

#RESTAPI #APIs #IBMCloud",https://i.ytimg.com/vi_webp/lsMQRaeKNDk/maxresdefault.webp,2020-10-23 00:00:00.000,2025-03-13 02:39:57.336,2025-03-13 02:39:57.336,youtube,Ijun
"01JP6P0736W0C27Q987S9KQ32C","01JP2Z2ARZHSZGAFE6G2H3YEGS","01JNH1QRKBZYR0NV0Z4BTE0B5E",-mN3VyJuCjM,https://www.youtube.com/watch?v=-mN3VyJuCjM,What Is REST API? Examples And How To Use It: Crash Course System Design #3,"Subscribe to our weekly system design newsletter: https://bit.ly/3tfAlYD

Checkout our bestselling System Design Interview books: 
Volume 1: https://amzn.to/3Ou7gkd
Volume 2: https://amzn.to/3HqGozy

Other things we made:
Digital version of System Design Interview books: https://bit.ly/3mlDSk9
Twitter: https://bit.ly/3HqEz5G
LinkedIn:  https://bit.ly/39h22JK

Animation tools: Illustrator and After Effects

ABOUT US: 
Covering topics and trends in large-scale system design, from the authors of the best-selling System Design Interview series.",https://i.ytimg.com/vi/-mN3VyJuCjM/maxresdefault.jpg,2022-08-24 00:00:00.000,2025-03-13 02:40:41.062,2025-03-13 02:40:41.062,youtube,Ijun
"01JP6P0NJ93HA851V7ZQQMC3NR","01JP2Z2ARZHSZGAFE6G2H3YEGS","01JNH1QRKBZYR0NV0Z4BTE0B5E",SqcY0GlETPk&t=163s,https://www.youtube.com/watch?v=SqcY0GlETPk&t=163s,React Tutorial for Beginners,"Master React 18 with TypeScript! ‚öõÔ∏è  Build amazing front-end apps with this beginner-friendly tutorial.

‚ù§Ô∏è Join this channel to get access to perks:
https://www.youtube.com/channel/UCWv7vMbMWH4-V0ZXdmDpPBA/join

üöÄ Want the ultimate React deep dive? Check out my full course: https://mosh.link/react-course
- Subscribe for more awesome content: https://goo.gl/6PYaGF

‚úã Stay connected:
- Twitter: https://twitter.com/moshhamedani
- Facebook: https://www.facebook.com/programmingwithmosh/
- Instagram: https://www.instagram.com/codewithmosh.official/
- LinkedIn: https://www.linkedin.com/school/codewithmosh/

üìñ TABLE OF CONTENT
00:00:00 Course Intro
00:01:55 Prerequisites
00:02:43 What is React?
00:04:57 Setting Up the Development Environment 
00:06:24 Creating a React App
00:09:17 Project Structure
00:11:20 Creating a React Component
00:16:41 How React Works
00:19:00 React Ecosystem
00:21:04 Building Components
00:21:40 Creating a ListGroup Component
00:27:15 Fragments
00:29:42 Rendering Lists
00:33:11 Conditional Rendering
00:38:36 Handling Events
00:44:43 Managing State
00:50:44 Passing Data Via Props
00:54:42 Passing Functions Via Props
00:58:27 State Vs Props
01:00:00 Passing Children
01:05:04 Inspecting Components with React Dev Tools 
01:07:14 Exercise: Building a Button Component 
01:14:15 Exercise: Showing an Alert

#react #reactjs #javascript #coding",https://i.ytimg.com/vi/SqcY0GlETPk/maxresdefault.jpg,2023-03-12 00:00:00.000,2025-03-13 02:40:55.881,2025-03-13 02:40:55.881,youtube,Ijun
"01JP6P2EP6E8SKRMCC4Y05JHE4","01JP2Z2ARZHSZGAFE6G2H3YEGS","01JNH1QRKBZYR0NV0Z4BTE0B5E",kcnwI_5nKyA&t=571s,https://www.youtube.com/watch?v=kcnwI_5nKyA&t=571s,"Tutorial REACT ""Paling Masuk Akal"" untuk PEMULA ü§©üåê","Mari kita mulai belajar React!! ü§©ü§©ü§©


Referensi Video:
- https://nextjs.org/learn/foundations/from-javascript-to-react
- https://react.dev
- https://id.react.dev

Follow Developer React Indonesia üáÆüá©
https://github.com/reactjs/id.react.dev/issues/330

Repository Belajar React WPU
https://github.com/sandhikagalih/belajar-react-untuk-pemula

Jalur Belajar React:
1. HTML Dasar
https://www.youtube.com/playlist?list=PLFIM0718LjIVuONHysfOK0ZtiqUWvrx4F
2. CSS Dasar
https://www.youtube.com/playlist?list=PLFIM0718LjIUBrbm6Gdh6k7ZUvPIAZm7p
3. CSS Layouting
https://www.youtube.com/playlist?list=PLFIM0718LjIUu4Ju9GUL5zpLcuq08TKYr
4. Javascript Dasar
https://www.youtube.com/playlist?list=PLFIM0718LjIWXagluzROrA-iBY9eeUt4w
5. Javascript DOM
https://www.youtube.com/playlist?list=PLFIM0718LjIWB3YRoQbQh82ZewAGtE2-3
6. Javascript Lanjutan
https://www.youtube.com/playlist?list=PLFIM0718LjIUGpY8wmE41W7rTJo_3Y46-
7. Git & GitHub
https://www.youtube.com/playlist?list=PLFIM0718LjIVknj6sgsSceMqlq242-jNf
8. NodeJS & NPM
https://www.youtube.com/playlist?list=PLFIM0718LjIW-XBdVOerYgKegBtD6rSfD

-- CHAPTERS --
00:00:00 Pendahuluan
00:00:54 Kenapa Paling Masuk Akal?
00:09:31 Apa dan Kenapa React?
00:15:35 Dari Javascript ke React
00:26:30 Mulai Bekerja dengan React
00:41:18 Apa yang Harus Dipelajari Sebelum React?
00:46:35 Konsep-konsep Utama Pada React
01:11:02 Materi Berikutnya?
01:12:10 Latihan
01:15:21 Closing

---
üî• SUPPORT WPU üî•

üëï Beli Hoodie & T-Shirt di WPU Official Store üëï
https://shopee.co.id/wpustore.id

üëæ Gabung Server Discord WPU üëæ
https://discord.gg/S4rrXQU

- Donasi Channel WPU (OVO / GoPay / Dana / LinkAja)
https://saweria.co/sandhikagalih
https://karyakarsa.com/sandhikagalih

---
üì¢ FOLLOW SOCIAL MEDIA üì¢
- https://www.instagram.com/sandhikagalih
- tiktok.com/@sandhika.galih
- https://twitter.com/sandhikagalih
- https://github.com/sandhikagalih

terimakasih dan #janganlupatitikkoma!

@sandhikagalih",https://i.ytimg.com/vi_webp/kcnwI_5nKyA/maxresdefault.webp,2023-06-16 00:00:00.000,2025-03-13 02:41:54.375,2025-03-13 02:41:54.375,youtube,Ijun
"01JP6P35BX8NQQKDSVXPWM0JVC","01JP2Z2ARZHSZGAFE6G2H3YEGS","01JNH1QRKBZYR0NV0Z4BTE0B5E",I5kj-YsmWjM&t=681s,https://www.youtube.com/watch?v=I5kj-YsmWjM&t=681s,Build this JS calculator in 15 minutes! üñ©,"#JavaScript #tutorial #course

IMPORTANT NOTE: eval() allows you to execute a string of code as if it were actual JavaScript code.
While it is a useful tool, it is a security risk. I would recommend using eval() ONLY for learning purposes and not any actual production code.

00:00:00 HTML
00:03:08 CSS
00:11:21 JavaScript

This is a JavaScript project program for beginners where we will build a functioning calculator. Impress your friends!",https://i.ytimg.com/vi_webp/I5kj-YsmWjM/maxresdefault.webp,2023-12-01 00:00:00.000,2025-03-13 02:42:17.597,2025-03-13 02:42:17.597,youtube,Ijun
"01JP6P4C85MQTVEDGGR8JXMM5M","01JP2Z2ARZHSZGAFE6G2H3YEGS","01JNH1QRKBZYR0NV0Z4BTE0B5E",OXGznpKZ_sA,https://www.youtube.com/watch?v=OXGznpKZ_sA,CSS Tutorial ‚Äì Full Course for Beginners,"In this in-depth course, you will learn about all the key features of CSS. This is the most comprehensive CSS course we've published to date. So if you want to become an expert in Cascading Style Sheets, this is the course for you.

‚úèÔ∏è Course from Dave Gray. Check out his channel: http://youtube.com/DaveGrayTeachesCode 

üíª Course Resources: https://github.com/gitdagray/css_course

üé• Dave's HTML course: https://youtu.be/kUMe1FH4CHE

‚ù§Ô∏è Support for this channel comes from our friends at Scrimba ‚Äì the coding platform that's reinvented interactive learning: https://scrimba.com/freecodecamp

‚≠êÔ∏è Course Contents ‚≠êÔ∏è
(0:00:00) Intro
(0:01:08) Chapter 1: Start Here
(0:14:50) Chapter 2: Selectors
(0:34:41) Chapter 3: Colors
(0:51:13) Chapter 4: Units & Sizes
(1:11:56) Chapter 5: Box Model
(1:37:08) Chapter 6: Typography
(2:00:29) Chapter 7: Styling Links
(2:16:37) Chapter 8: List Styles
(2:32:31) Chapter 9: Mini Project
(2:45:04) Chapter 10: Display
(3:00:21) Chapter 11: Floats
(3:12:46) Chapter 12: Columns
(3:34:30) Chapter 13: Position
(3:57:53) Chapter 14: Flexbox
(4:21:39) Chapter 15: Grid Layout
(4:46:33) Chapter 16: Images
(5:32:40) Chapter 17: Media Queries
(5:58:59) Chapter 18: Card Project
(6:33:21) Chapter 19: Pseudo
(6:52:56) Chapter 20: Variables
(7:20:28) Chapter 21: Functions
(7:50:05) Chapter 22: Animations
(8:37:33) Chapter 23: Organization
(8:57:23) Chapter 24: Final Project

üéâ Thanks to our Champion and Sponsor supporters:
üëæ Raymond Odero
üëæ Agust√≠n Kussrow
üëæ aldo ferretti
üëæ Otis Morgan
üëæ DeezMaster

--

Learn to code for free and get a developer job: https://www.freecodecamp.org

Read hundreds of articles on programming: https://freecodecamp.org/news",https://i.ytimg.com/vi_webp/OXGznpKZ_sA/maxresdefault.webp,2022-08-30 00:00:00.000,2025-03-13 02:42:57.413,2025-03-13 02:42:57.413,youtube,Ijun
"01JP6P4X0K6QWCMFW13APBGB3C","01JP2Z2ARZHSZGAFE6G2H3YEGS","01JNH1QRKBZYR0NV0Z4BTE0B5E",G3e-cpL7ofc,https://www.youtube.com/watch?v=G3e-cpL7ofc,HTML & CSS Full Course - Beginner to Pro,"Certificates are now available! https://courses.supersimple.dev/courses/html-css
üéì Enroll to get a Certificate of Completion and an elevated learning experience (breakdown into smaller videos covering specific topics, ad-free content, and progress tracking).
‚úÖ Don't worry if you're halfway through the course or finished the course, you can skip the lessons you already finished and take the final test to get your Certificate.
‚ù§Ô∏è Thanks for supporting SuperSimpleDev!

In this full course, we learn how to build websites with HTML and CSS, and get started as a software engineer.
Exercise solutions: https://github.com/SuperSimpleDev/html-css-course/tree/main/1-exercise-solutions
Copy of the code: https://github.com/SuperSimpleDev/html-css-course/tree/main/2-copy-of-code
HTML and CSS reference: https://supersimpledev.github.io/references/html-css-reference.pdf

JavaScript Full Course: https://youtu.be/EerdGm-ehJQ

Premium Courses:
üéì Get a certificate for our courses with premium learning experience & support SuperSimpleDev! ‚ù§Ô∏è
HTML CSS Premium Course: https://courses.supersimple.dev/courses/html-css
JavaScript Premium Course: https://courses.supersimple.dev/courses/javascript

More in-depth videos, secrets of my channel, work-in-progress courses:
‚≠ê YouTube membership: https://www.youtube.com/@SuperSimpleDev/join

Support the SuperSimpleDev channel:
‚ù§Ô∏è https://supersimple.dev/donate
Your support will be used for equipment, software, and other necessary costs for planning, shooting, and editing courses like this. Thank you!

Lessons:
0:00 Intro
1:02 1. HTML Basics
17:42 2. CSS Basics
44:39 3. Hovers, Transitions, Shadows
1:03:10 4. Chrome DevTools & CSS Box Model
1:17:30 5. Text Styles
1:52:18 6. The HTML Structure
2:11:08 7. Images and Text Boxes
2:25:42 8. CSS Display Property
2:34:58 9. The div Element
2:46:55 10. Nested Layouts Technique
3:16:58 11. CSS Grid
3:43:58 12. Flexbox
4:15:21 13. Nested Flexbox
4:44:36 14. CSS Position
5:07:14 15. Position Absolute and Relative
5:33:49 16. Finish the Project
6:07:46 17. More CSS Features
6:30:21 Outro

Additional Information:
This HTML CSS full course is a series of HTML CSS tutorials, teaching the major skills that we need to create complex websites. Each HTML CSS tutorial builds on a project and provides some HTML CSS exercises to practice what we learned. By the end, we'll learn the basics of web development and we'll be on our way to becoming a web developer and software engineer.

#htmltutorial #csstutorial #htmlcssfullcourse #html #css #tutorial #fullcourse #course #htmltutorial #csstutorial #htmlcsstutorial #htmlfullcourse #cssfullcourse #webdevelopment #advancedhtmltutorial #advancedcsstutorial #coding #codingtutorial #softwareengineer #softwareengineering #learntocode #supersimpledev",https://i.ytimg.com/vi/G3e-cpL7ofc/maxresdefault.jpg,2022-02-05 00:00:00.000,2025-03-13 02:43:14.579,2025-03-13 02:43:14.579,youtube,Ijun
"01JP6P6Y4EB9DN3DT2QVC6TFRN","01JP2Z2ARZHSZGAFE6G2H3YEGS","01JNH1QRKBZYR0NV0Z4BTE0B5E",nW60yGRoUrs,https://www.youtube.com/watch?v=nW60yGRoUrs,Belajar Laravel 11 | 2. Instalasi & Konfigurasi,"Instalasi & konfigurasi laravel di komputer kita masing-masing

CHAPTER:
00:00 Intro
00:37 Persiapan teknologi yang dibutuhkan
04:15 Menggunakan Laragon
06:22 Menambahkan versi PHP baru
08:06 Mengganti Apache menjadi Nginx
08:29 Menginstall Composer
10:02 Menginstall NodeJS
11:26 Mengaktifkan Ekstensi PHP
12:31 Instalasi Laravel via Composer
17:34 Instalasi Laravel via Laragon
20:06 Menginstall Laravel Herd
22:59 Instalasi Laravel via Herd
24:27 Instalasi TablePlus & VSCode
25:09 Instalasi Ekstensi VSCode
25:31 Penutup

#Laravel #Laravel11 #TutorialLaravel

---
Laravel
https://laravel.com/

Laragon
https://laragon.org/

Composer
https://getcomposer.org/

NodeJS
https://nodejs.org/

Laravel Herd
https://herd.laravel.com/

TablePlus
https://tableplus.com/

Visual Studio Code
https://code.visualstudio.com/

---
Playlist Belajar Laravel 8
https://www.youtube.com/playlist?list=PLFIM0718LjIWiihbBIq-SWPU6b6x21Q_2

Playlist PHP Dasar
https://www.youtube.com/playlist?list=PLFIM0718LjIUqXfmEIBE3-uzERZPh3vp6

Playlist Object Oriented PHP
https://www.youtube.com/playlist?list=PLFIM0718LjIWvxxll-6wLXrC_16h_Bl_p

Playlist PHP MVC
https://www.youtube.com/playlist?list=PLFIM0718LjIVEh_d-h5wAjsdv2W4SAtkx

---
üî• SUPPORT WPU üî•

üëï Beli Hoodie & T-Shirt di WPU Official Store üëï
https://shopee.co.id/wpustore.id

üëæ Gabung Server Discord WPU üëæ
https://discord.gg/S4rrXQU

- Traktir Pa Dhika Kopi (OVO / GoPay / Dana / LinkAja)
https://saweria.co/sandhikagalih
https://karyakarsa.com/sandhikagalih

---
üì¢ FOLLOW SOCIAL MEDIA üì¢
- https://www.instagram.com/sandhikagalih
- tiktok.com/@sandhika.galih
- https://twitter.com/sandhikagalih
- https://github.com/sandhikagalih

---
UNIVERSITAS PASUNDAN BANDUNG
http://www.unpas.ac.id/
http://www.if.unpas.ac.id/

terimakasih dan #janganlupatitikkoma!

@sandhikagalih",https://i.ytimg.com/vi_webp/nW60yGRoUrs/maxresdefault.webp,2024-04-18 00:00:00.000,2025-03-13 02:44:21.262,2025-03-13 02:44:21.262,youtube,Fathur
"01JP6PB2PF4PYGCPY7J0XDBW4A","01JP2Z2ARZHSZGAFE6G2H3YEGS","01JNH1QRKBZYR0NV0Z4BTE0B5E",uxMADW3CmN4,https://www.youtube.com/watch?v=uxMADW3CmN4,I Stopped Using Express.js: Because Bun and Hono üî•,"Express has been around for almost as long as node has existed. It‚Äôs an awesome framework, it‚Äôs how I learned to make web servers in node and how i‚Äôve been teaching people to make web servers for the past 8 years. 

But it‚Äôs time to move on, because the alternatives are just so much better. It‚Äôs mind blowing how much the web has changed recently.

Chapters:
0:00‚Äã Hono
0:42 Bun Server
1:52 Routing
3:33 Streaming
4:18 Middleware
4:50 JSX
6:32 Testing
8:21 Validation

Help support me make more videos: https://ko-fi.com/meechward

üîó
My Website: https://www.sammeechward.com
Instagram: https://www.instagram.com/meech_ward
TikTok: https://www.tiktok.com/@meech.s.ward
X: https://twitter.com/Meech_Ward
Threads: https://www.threads.net/@meech_ward
Github: https://github.com/orgs/meech-ward",https://i.ytimg.com/vi_webp/uxMADW3CmN4/maxresdefault.webp,2023-12-28 00:00:00.000,2025-03-13 02:46:37.008,2025-03-13 02:46:37.008,youtube,Fathur
"01JP6PBRPT1XG0VNMAGYDMDWJM","01JP2Z2ARZHSZGAFE6G2H3YEGS","01JNH1QRKBZYR0NV0Z4BTE0B5E",VbnMc4WNcdY,https://www.youtube.com/watch?v=VbnMc4WNcdY,Tutorial Bun Hono RESTful API,"Bun Hono RESTful API

#bun #hono #programmerzamannow #restfulapi #api

Slide : https://docs.google.com/presentation/d/121ghHA1gbrNmEwv6oq1nll8neSRT0b0TSw-2Lqv0R2Q/edit?usp=sharing

Source Code : https://github.com/ProgrammerZamanNow/belajar-bun-hono-restful-api

Materi Video : 
00:00:00 - Pendahuluan
00:01:27 - Requirement
00:03:05 - User Management Requirement
00:04:38 - Contact Management Requirement
00:06:02 - Address Management Requirement
00:07:22 - Membuat Project
00:09:26 - User API Spec
00:18:12 - Contact API Spec
00:25:09 - Address API Spec
00:29:41 - Setup Database
00:32:36 - User Model
00:34:33 - Contact Model
00:37:37 - Address Model
00:40:14 - Setup Project
00:45:49 - Register User API
01:14:20 - Login User API
01:24:45 - Get User API
01:37:08 - Update User API
01:48:21 - Logout User API
01:53:12 - Create Contact API
02:13:54 - Get Contact API
02:25:19 - Update Contact API
02:35:35 - Remove Contact API
02:39:37 - Search Contact API
03:03:30 - Create Address API
03:19:22 - Get Address API
03:29:16 - Update Address API
03:38:40 - Remove Address API
03:46:53 - List Address API
03:52:41 - Distribution File
03:56:29 - Manual Test
04:09:49 - Penutup

JOIN PREMIUM : https://www.youtube.com/ProgrammerZamanNow/join

DISCORD PREMIUM : https://www.youtube.com/post/UgxBHnvjdwwAioDHe0x4AaABCQ

Donasi :
Saweria : https://saweria.co/ProgrammerZamanNow

Social Media :
Instagram : https://www.instagram.com/ProgrammerZamanNow
Facebook : https://www.facebook.com/ProgrammerZamanNow
Telegram : https://t.me/ProgrammerZamanNow
Youtube : https://www.youtube.com/c/ProgrammerZamanNow",https://i.ytimg.com/vi/VbnMc4WNcdY/maxresdefault.jpg,2024-11-11 00:00:00.000,2025-03-13 02:46:59.546,2025-03-13 02:46:59.546,youtube,Fathur
"01JP6PCADFN177CJJTFJABX8RV","01JP2Z2ARZHSZGAFE6G2H3YEGS","01JNH1QRKBZYR0NV0Z4BTE0B5E",DOq86rFop-Q,https://www.youtube.com/watch?v=DOq86rFop-Q,üî• TUTORIAL LENGKAP DRIZZLE ORM DI HONO + BUN: BANGUN APLIKASI CEPAT & EFISIEN!,"üöÄ Ingin membangun aplikasi web yang cepat, efisien, dan modern? Dalam video ini, kita akan membahas tutorial lengkap Drizzle ORM di framework Hono yang ringan dan dipadukan dengan runtime super cepat, Bun.

üí° Apa yang akan kamu pelajari?

    Instalasi dan setup Drizzle ORM dengan Bun.
    Cara mengintegrasikan Drizzle ORM dengan framework Hono.
    Membuat koneksi database yang efisien.
    Relasi Tabel (one to one, one to many dan many to many).
    CRUD (Create, Read, Update, Delete) dengan Drizzle ORM.

Timeline :
00:00:00 Pengenalan
00:06:15 Membuat Project dan Setup Koneksi
00:13:03 Membuat Schema
00:20:06 Snake Case dan Camel Case
00:24:14 Schema dengan relasi tabel
00:45:02 Migration dan Studio
00:52:17 Manipulasi data

File latihan :
https://github.com/pojokcodeid/drizzle-turoaial

Video ini cocok untuk pemula yang ingin memulai, maupun developer berpengalaman yang ingin mencoba teknologi terbaru.

üéØ Yuk, eksplorasi teknologi keren ini dan jadikan aplikasi kamu lebih cepat dari sebelumnya! Jangan lupa LIKE, COMMENT, dan SUBSCRIBE untuk lebih banyak konten menarik seputar coding dan teknologi.

#DrizzleORM #Hono #Bun #WebDevelopment #TutorialDrizzleORM #BelajarProgramming #JavaScriptFramework #BunRuntime #DrizzleORMTutorial #HonoFramework #TutorialCoding #CRUD #BackendDevelopment #DatabaseIntegration #CodingPemula #WebDevelopmentIndonesia #TipsCoding #TutorialLengkap #BelajarDatabase #AplikasiCepat",https://i.ytimg.com/vi_webp/DOq86rFop-Q/maxresdefault.webp,2025-01-12 00:00:00.000,2025-03-13 02:47:17.679,2025-03-13 02:47:17.679,youtube,Fathur
"01JP6PDPMNABDNAJJ8NR7T4SZB","01JP2Z2ARZHSZGAFE6G2H3YEGS","01JNH1QRKBZYR0NV0Z4BTE0B5E",cIZqTC3I1Ds,https://www.youtube.com/watch?v=cIZqTC3I1Ds,REVIEW CORETAX INDONESIA VS IRAS SINGAPURA,"Sebenernya jujur walaupun harganya 1.2 Triliun Rupiah, kalau semua fungsionalnya berjalan baik dan lancar pasti masyarakat Indonesia juga tidak terlalu mempermasalahkan. Kerena pemerintah sendiri pernah klaim bahwa Coretax ini sebenernya efisiensi anggaran, karena negara lain butuh 7 Triliun untuk buat sistem semacam Coretax.

Tapi yang jadi permasalahan adalah sistem yang diluncurkan benar-benar menghambat aktifitas masyarakat. Mulai dari tidak bisa dibuka, sampai terlalu banyak fungsionalitas vital yang error. Belum lagi masalah security yang banyak dibicarakan. Makanya jadi dipertanyakan apakah uang sebanyak itu benar dipakai untuk mengembangkan aplikasi/sistem Coretax dengan benar?

Di dunia yang serba maju dan terbuka ini, terlebih Indonesia ini banyak startup unicorn otomatis banyak juga pakar IT. Sistem yang baik maupun tidak bisa langsung kelihatan dan dibedah oleh banyak orang.

Segmen Video :
00:00 Apa itu Coretax?
01:09 Biaya pembuatan Coretax
01:42 Melihat Coretax versi Singapura
03:55 Permasalahan utama Coretax
04:53 Banyak fungsionalitas Error/Bug
06:17 Banyak dipertanyakan secara teknikal IT
10:11 Membuat pekerjaan dan bisnis terganggu
12:19 Solusi untuk Pemerintah

---
Bikin website paling murah: https://www.webekspor.com
Admin Web Ekspor: https://wa.me/6281280080275
---
Instagram David Alfa Sunarna: https://www.instagram.com/davidalfasunarna
Tiktok David Alfa Sunarna: https://www.tiktok.com/@davidalfasunarna
Kerjasama (Nirma): https://wa.me/6285121007256",https://i.ytimg.com/vi_webp/cIZqTC3I1Ds/maxresdefault.webp,2025-02-05 00:00:00.000,2025-03-13 02:48:02.965,2025-03-13 02:48:02.965,youtube,Fathur
"01JP6PGDKPAWAC3BAG3WJRQ90M","01JP2Z2ARZHSZGAFE6G2H3YEGS","01JNH1QRKBZYR0NV0Z4BTE0B5E",MABmHY9YtpE,https://www.youtube.com/watch?v=MABmHY9YtpE,TERUNGKAP! Coretax Gagal Total karena Database 'Maut' Ini?!,"Penasaran kenapa sistem perpajakan Coretax lagi bermasalah? Ternyata, semua berakar dari penggunaan database Tmax Tibero dan API Megaware yang bersifat closed! Dalam video ini, kita bongkar rahasia di balik kendala maintenance yang bikin pusing para developer dan dampaknya bagi sistem perpajakan nasional. Tonton sampai habis dan share pendapat kalian di kolom komentar! #Coretax #DatabaseMaut #TechFail #Pajak #ClosedSource #DigitalRevolution #ViralTech",https://i.ytimg.com/vi/MABmHY9YtpE/maxresdefault.jpg,2025-02-19 00:00:00.000,2025-03-13 02:49:32.023,2025-03-13 02:49:32.023,youtube,Fathur
"01JP6PGN1F8G9SCE1PFW5H1NK9","01JP2Z2ARZHSZGAFE6G2H3YEGS","01JNH1QRKBZYR0NV0Z4BTE0B5E",hwFvvLqYP0Q,https://www.youtube.com/watch?v=hwFvvLqYP0Q,"TES EFISIENSI BBM RON 92: Pertamax, Shell Super, Vivo Revvo 92, BP 92 | GridOto","Halo teman-teman.


Salah satu alasan kita memilih BBM adalah kemampuan memberi performa efisiensi yang baik terhadap kendaraan, termasuk untuk BBM RON 92.


Untuk itu kami mengadu Pertamina Pertamax, Shell Super, Vivo Revvo 92, dan BP 92 untuk dites siapa yang paling ekonomis.


Pengujian kami lakukan dengan metode tes jalan agar lebih realistis, dengan rute kombinasi dan menggunakan medium Toyota Kijang Innova 2.0 MT 2022.


Langsung aja yuk cek videonya, dan nantikan pengujian kami selanjutnya di video ke dua buat melihat sisi kualitasnya ya!


Selamat menyaksikan.
¬†#aduirit #iritbbm #bbmron92",https://i.ytimg.com/vi/hwFvvLqYP0Q/maxresdefault.jpg,2023-08-08 00:00:00.000,2025-03-13 02:49:39.631,2025-03-13 02:49:39.631,youtube,Fathur
"01JP6PGX5PYZSSVGBMSCD39MZF","01JP2Z2ARZHSZGAFE6G2H3YEGS","01JNH1QRKBZYR0NV0Z4BTE0B5E",BnXfDVja9m4,https://www.youtube.com/watch?v=BnXfDVja9m4,"Breaking News Kisruh Pertamax, Komisi VI DPR RI Panggil Pertamina | 11/03","Yuk Subscribe https://www.youtube.com/@OfficialSINDOnews

Selengkapnya baca di:
https://nasional.sindonews.com/

Tanggal Tayang: 11 Maret 2025

Follow WA Channel:
https://whatsapp.com/channel/0029Va9lDjk90x30mpm5Vy14
 
Follow our Official TikTok sindonews
Follow our Official Twitter officialinews_  
Like our Official Facebook officialinews  
Follow our Official Instagram officialinews  

Dapatkan sajian berita dan liputan langsung peristiwa terkini secara cepat dan akurat di:
https://www.inews.id/ untuk berita dari daerah-daerah di seluruh Indonesia
https://www.okezone.com/ untuk berita-berita sports dan gaya hidup
https://www.sindonews.com/ untuk berita-berit a politik dalam dan luar negeri
https://www.idxchannel.com/ untuk berita-berita pasar saham dan ekonomi

#BreakingNews #pertamax #pertamina",https://i.ytimg.com/vi/BnXfDVja9m4/maxresdefault.jpg,2025-03-11 00:00:00.000,2025-03-13 02:49:47.958,2025-03-13 02:49:47.958,youtube,Haidar
"01JP6PH3W7AR8Z37BB6F0JDFGN","01JP2Z2ARZHSZGAFE6G2H3YEGS","01JNH1QRKBZYR0NV0Z4BTE0B5E",IJrELFkSnUA,https://www.youtube.com/watch?v=IJrELFkSnUA,"BENSIN PERTAMAX, TAPI KOK RASA PERTALITE‚ÅâÔ∏è | #REACTION - Dokter Mobil Indonesia","Reservasi sekarang, di Dokter Mobil #inibarudingin ü•∂

‚úÖ AYO RESERVASI SEKARANG! ‚úÖ
https://linktr.ee/doktermobilid

= = = = = = = =

biaya perbaikan ac mobil tidak dingin | tekanan freon ac mobil | harga isi freon ac mobil | biaya service ac mobil tidak dingin | biaya ganti evaporator ac mobil | biaya ganti oli kompresor ac mobil | tanda oli kompresor ac mobil habis | biaya isi freon ac mobil | ac mobil bunyi mendesis | ac mobil tidak dingin | freon ac mobil yang paling dingin | biaya service ac mobil | kompresor ac mobil tidak nyala | biaya cuci evaporator ac mobil | ac mobil tidak dingin saat berhenti | harga service ac mobil terdekat | ac mobil bau gosong | bunyi dengung pada mobil matic | kompresor ac mobil berisik | isi freon ac mobil berapa harganya

#acmobil #acmobilmurah #acmobildingin #acmobilindonesia #acmobility #acmobilbau #acmobilpanas #acmobilterdekat #acmobildinginawet #acmobiltidakdingin #acmobilkurangdingin #acmobilprofesional #acmobilgadingin #acmobile #acmobiltibatibatidakdingin #acmobilpart #acmobil24jam #acmobilrusak

===================================

üî¥ Kerjasama & kolaborasi
üìß : marcommdoktermobil@gmail.com 
üìß : socialmedia.doktermobil@gmail.com

üî¥ Customer service (konsultasi & reservasi)
üìû : https://www.doktermobil.com/r/-soc-karina
üìû : https://www.doktermobil.com/r/-soc-clara
(Senin - Minggu : 06:00 - 00:00)

üõí Dapatkan produk kami di e-commerce kesayangan anda!
Tokopedia : https://tokopedia.link/macujNCEFLb
Shopee  : https://id.shp.ee/2xhXMM6

üë®üèª‚Äçüîß SOLUSI PERBAIKAN MOBIL MATIC | Domo Transmisi
üìû : https://wa.me/6282168665566
üåê : https://www.domotransmisi.com/
‚ñ∂   : https://www.youtube.com/@domotransmisi

üë®üèª‚Äçüîß ANTI KARAT MOBIL ""GARANSI 8 TAHUN"" | RustPro
üìû : https://wa.me/6281311502678
üåê : https://rustpro.id/
‚ñ∂   : https://www.youtube.com/@rustproindonesia

üë®üèª‚Äçüîß SOLUSI PERBAIKAN KAKI KAKI MOBIL | Domo Kaki Kaki
üìû : https://wa.me/6287817037373
üåê : http://domokakikaki.com/reservasi/
‚ñ∂   : https://www.youtube.com/@domokakikaki


===================================

Jangan lupa like, subscribe dan aktifkan lonceng notifikasi untuk video terbaru ya Domolovers!

===================================

Temukan juga kami di : 
üåê Instagram : https://www.instagram.com/doktermobilofficial/ 
üåê Facebook : https://www.facebook.com/doktermobilid
üåê TikTok : https://www.tiktok.com/@doktermobil_indonesia/ 
üåê Website : https://www.doktermobil.com/  

Service di Dokter Mobil, Pasti Beres! Ga Beres? GRATIS!

#doktermobil #pastiberes #transmisi #doktermobilindonesia",https://i.ytimg.com/vi_webp/IJrELFkSnUA/maxresdefault.webp,2025-03-07 00:00:00.000,2025-03-13 02:49:54.823,2025-03-13 02:49:54.823,youtube,Haidar
,,,,,,,,,,,,
,,,,,,,,,,,,
